"Country or Area","Element","Year","Unit","Value","Value Footnotes"
"Angola","Area harvested","2018","ha","23290.00","Im"
"Angola","Area harvested","2017","ha","23251.00","Im"
"Angola","Area harvested","2016","ha","23212.00","Im"
"Angola","Area harvested","2015","ha","23186.00","Im"
"Angola","Area harvested","2014","ha","23064.00","Im"
"Angola","Area harvested","2013","ha","23000.00","F"
"Angola","Area harvested","2012","ha","23000.00","F"
"Angola","Area harvested","2011","ha","23000.00","F"
"Angola","Area harvested","2010","ha","23000.00","F"
"Angola","Yield","2018","hg/ha","120435.00","Fc"
"Angola","Yield","2017","hg/ha","120620.00","Fc"
"Angola","Yield","2016","hg/ha","120671.00","Fc"
"Angola","Yield","2015","hg/ha","121140.00","Fc"
"Angola","Yield","2014","hg/ha","121430.00","Fc"
"Angola","Yield","2013","hg/ha","121739.00","Fc"
"Angola","Yield","2012","hg/ha","121739.00","Fc"
"Angola","Yield","2011","hg/ha","121739.00","Fc"
"Angola","Yield","2010","hg/ha","121739.00","Fc"
"Angola","Production","2018","tonnes","280500.00","F"
"Angola","Production","2017","tonnes","280453.00","Im"
"Angola","Production","2016","tonnes","280096.00","Im"
"Angola","Production","2015","tonnes","280876.00","Im"
"Angola","Production","2014","tonnes","280073.00","Im"
"Angola","Production","2013","tonnes","280000.00","F"
"Angola","Production","2012","tonnes","280000.00","F"
"Angola","Production","2011","tonnes","280000.00","F"
"Angola","Production","2010","tonnes","280000.00","F"
"Benin","Area harvested","2018","ha","33522.00","Im"
"Benin","Area harvested","2017","ha","33906.00","Im"
"Benin","Area harvested","2016","ha","33937.00","Im"
"Benin","Area harvested","2015","ha","35441.00","Im"
"Benin","Area harvested","2014","ha","36499.00","Im"
"Benin","Area harvested","2013","ha","36000.00",""
"Benin","Area harvested","2012","ha","32000.00",""
"Benin","Area harvested","2011","ha","29000.00",""
"Benin","Area harvested","2010","ha","26000.00",""
"Benin","Yield","2018","hg/ha","178546.00","Fc"
"Benin","Yield","2017","hg/ha","175744.00","Fc"
"Benin","Yield","2016","hg/ha","172943.00","Fc"
"Benin","Yield","2015","hg/ha","172896.00","Fc"
"Benin","Yield","2014","hg/ha","161094.00","Fc"
"Benin","Yield","2013","hg/ha","155556.00","Fc"
"Benin","Yield","2012","hg/ha","165625.00","Fc"
"Benin","Yield","2011","hg/ha","158621.00","Fc"
"Benin","Yield","2010","hg/ha","176923.00","Fc"
"Benin","Production","2018","tonnes","598522.00","Im"
"Benin","Production","2017","tonnes","595887.00","Im"
"Benin","Production","2016","tonnes","586915.00","Im"
"Benin","Production","2015","tonnes","612763.00","Im"
"Benin","Production","2014","tonnes","587983.00","Im"
"Benin","Production","2013","tonnes","560000.00","F"
"Benin","Production","2012","tonnes","530000.00","F"
"Benin","Production","2011","tonnes","460000.00","F"
"Benin","Production","2010","tonnes","460000.00","F"
"Burundi","Area harvested","2018","ha","8707.00","Im"
"Burundi","Area harvested","2017","ha","8751.00","Im"
"Burundi","Area harvested","2016","ha","8715.00","Im"
"Burundi","Area harvested","2015","ha","8570.00","Im"
"Burundi","Area harvested","2014","ha","8602.00","Im"
"Burundi","Area harvested","2013","ha","7900.00","F"
"Burundi","Area harvested","2012","ha","7200.00","F"
"Burundi","Area harvested","2011","ha","7000.00","F"
"Burundi","Area harvested","2010","ha","8400.00","F"
"Burundi","Yield","2018","hg/ha","98738.00","Fc"
"Burundi","Yield","2017","hg/ha","98892.00","Fc"
"Burundi","Yield","2016","hg/ha","99047.00","Fc"
"Burundi","Yield","2015","hg/ha","98624.00","Fc"
"Burundi","Yield","2014","hg/ha","99288.00","Fc"
"Burundi","Yield","2013","hg/ha","100000.00","Fc"
"Burundi","Yield","2012","hg/ha","100000.00","Fc"
"Burundi","Yield","2011","hg/ha","100000.00","Fc"
"Burundi","Yield","2010","hg/ha","100000.00","Fc"
"Burundi","Production","2018","tonnes","85974.00","Im"
"Burundi","Production","2017","tonnes","86543.00","Im"
"Burundi","Production","2016","tonnes","86323.00","Im"
"Burundi","Production","2015","tonnes","84522.00","Im"
"Burundi","Production","2014","tonnes","85412.00","Im"
"Burundi","Production","2013","tonnes","79000.00","F"
"Burundi","Production","2012","tonnes","72000.00","F"
"Burundi","Production","2011","tonnes","70000.00","F"
"Burundi","Production","2010","tonnes","84000.00","F"
"Cameroon","Area harvested","2018","ha","145970.00","Im"
"Cameroon","Area harvested","2017","ha","142162.00","Im"
"Cameroon","Area harvested","2016","ha","138993.00","Im"
"Cameroon","Area harvested","2015","ha","148298.00","Im"
"Cameroon","Area harvested","2014","ha","134943.00","Im"
"Cameroon","Area harvested","2013","ha","135000.00",""
"Cameroon","Area harvested","2012","ha","128000.00",""
"Cameroon","Area harvested","2011","ha","121770.00",""
"Cameroon","Area harvested","2010","ha","112430.00",""
"Cameroon","Yield","2018","hg/ha","180936.00","Fc"
"Cameroon","Yield","2017","hg/ha","182499.00","Fc"
"Cameroon","Yield","2016","hg/ha","184062.00","Fc"
"Cameroon","Yield","2015","hg/ha","186825.00","Fc"
"Cameroon","Yield","2014","hg/ha","181887.00","Fc"
"Cameroon","Yield","2013","hg/ha","181481.00","Fc"
"Cameroon","Yield","2012","hg/ha","195313.00","Fc"
"Cameroon","Yield","2011","hg/ha","197093.00","Fc"
"Cameroon","Yield","2010","hg/ha","195677.00","Fc"
"Cameroon","Production","2018","tonnes","2641118.00","Im"
"Cameroon","Production","2017","tonnes","2594449.00","Im"
"Cameroon","Production","2016","tonnes","2558336.00","Im"
"Cameroon","Production","2015","tonnes","2770569.00","Im"
"Cameroon","Production","2014","tonnes","2454441.00","Im"
"Cameroon","Production","2013","tonnes","2450000.00","F"
"Cameroon","Production","2012","tonnes","2500000.00","F"
"Cameroon","Production","2011","tonnes","2400000.00","F"
"Cameroon","Production","2010","tonnes","2200000.00","F"
"Central African Republic","Area harvested","2018","ha","639.00","Im"
"Central African Republic","Area harvested","2017","ha","650.00","F"
"Central African Republic","Area harvested","2016","ha","660.00","F"
"Central African Republic","Area harvested","2015","ha","650.00","F"
"Central African Republic","Area harvested","2014","ha","653.00","Im"
"Central African Republic","Area harvested","2013","ha","650.00","F"
"Central African Republic","Area harvested","2012","ha","630.00","F"
"Central African Republic","Area harvested","2011","ha","630.00","F"
"Central African Republic","Area harvested","2010","ha","625.00","F"
"Central African Republic","Yield","2018","hg/ha","87776.00","Fc"
"Central African Republic","Yield","2017","hg/ha","89231.00","Fc"
"Central African Republic","Yield","2016","hg/ha","90909.00","Fc"
"Central African Republic","Yield","2015","hg/ha","90769.00","Fc"
"Central African Republic","Yield","2014","hg/ha","89316.00","Fc"
"Central African Republic","Yield","2013","hg/ha","89231.00","Fc"
"Central African Republic","Yield","2012","hg/ha","87302.00","Fc"
"Central African Republic","Yield","2011","hg/ha","79365.00","Fc"
"Central African Republic","Yield","2010","hg/ha","75536.00","Fc"
"Central African Republic","Production","2018","tonnes","5605.00","Im"
"Central African Republic","Production","2017","tonnes","5800.00","F"
"Central African Republic","Production","2016","tonnes","6000.00","F"
"Central African Republic","Production","2015","tonnes","5900.00","F"
"Central African Republic","Production","2014","tonnes","5832.00","Im"
"Central African Republic","Production","2013","tonnes","5800.00","F"
"Central African Republic","Production","2012","tonnes","5500.00","F"
"Central African Republic","Production","2011","tonnes","5000.00","F"
"Central African Republic","Production","2010","tonnes","4721.00",""
"Congo","Area harvested","2018","ha","11752.00","Im"
"Congo","Area harvested","2017","ha","11712.00","Im"
"Congo","Area harvested","2016","ha","11672.00","Im"
"Congo","Area harvested","2015","ha","11632.00","Im"
"Congo","Area harvested","2014","ha","11627.00","Im"
"Congo","Area harvested","2013","ha","11600.00","F"
"Congo","Area harvested","2012","ha","11500.00","F"
"Congo","Area harvested","2011","ha","11300.00","F"
"Congo","Area harvested","2010","ha","11300.00","F"
"Congo","Yield","2018","hg/ha","124760.00","Fc"
"Congo","Yield","2017","hg/ha","124765.00","Fc"
"Congo","Yield","2016","hg/ha","124770.00","Fc"
"Congo","Yield","2015","hg/ha","125104.00","Fc"
"Congo","Yield","2014","hg/ha","123961.00","Fc"
"Congo","Yield","2013","hg/ha","124138.00","Fc"
"Congo","Yield","2012","hg/ha","124783.00","Fc"
"Congo","Yield","2011","hg/ha","125664.00","Fc"
"Congo","Yield","2010","hg/ha","125000.00","Fc"
"Congo","Production","2018","tonnes","146620.00","Im"
"Congo","Production","2017","tonnes","146129.00","Im"
"Congo","Production","2016","tonnes","145637.00","Im"
"Congo","Production","2015","tonnes","145515.00","Im"
"Congo","Production","2014","tonnes","144134.00","Im"
"Congo","Production","2013","tonnes","144000.00","F"
"Congo","Production","2012","tonnes","143500.00","F"
"Congo","Production","2011","tonnes","142000.00","F"
"Congo","Production","2010","tonnes","141250.00","F"
"Côte d'Ivoire","Area harvested","2018","ha","339459.00","Im"
"Côte d'Ivoire","Area harvested","2017","ha","353256.00","Im"
"Côte d'Ivoire","Area harvested","2016","ha","319201.00","Im"
"Côte d'Ivoire","Area harvested","2015","ha","274000.00",""
"Côte d'Ivoire","Area harvested","2014","ha","270000.00",""
"Côte d'Ivoire","Area harvested","2013","ha","270000.00",""
"Côte d'Ivoire","Area harvested","2012","ha","267000.00",""
"Côte d'Ivoire","Area harvested","2011","ha","265000.00",""
"Côte d'Ivoire","Area harvested","2010","ha","260000.00",""
"Côte d'Ivoire","Yield","2018","hg/ha","64422.00","Fc"
"Côte d'Ivoire","Yield","2017","hg/ha","63042.00","Fc"
"Côte d'Ivoire","Yield","2016","hg/ha","63252.00","Fc"
"Côte d'Ivoire","Yield","2015","hg/ha","65693.00","Fc"
"Côte d'Ivoire","Yield","2014","hg/ha","63451.00","Fc"
"Côte d'Ivoire","Yield","2013","hg/ha","64584.00","Fc"
"Côte d'Ivoire","Yield","2012","hg/ha","68859.00","Fc"
"Côte d'Ivoire","Yield","2011","hg/ha","61736.00","Fc"
"Côte d'Ivoire","Yield","2010","hg/ha","60258.00","Fc"
"Côte d'Ivoire","Production","2018","tonnes","2186851.00","Im"
"Côte d'Ivoire","Production","2017","tonnes","2227000.00",""
"Côte d'Ivoire","Production","2016","tonnes","2019000.00",""
"Côte d'Ivoire","Production","2015","tonnes","1800000.00",""
"Côte d'Ivoire","Production","2014","tonnes","1713189.00","Im"
"Côte d'Ivoire","Production","2013","tonnes","1743775.00",""
"Côte d'Ivoire","Production","2012","tonnes","1838540.00",""
"Côte d'Ivoire","Production","2011","tonnes","1636000.00",""
"Côte d'Ivoire","Production","2010","tonnes","1566711.00",""
"Democratic Republic of the Congo","Area harvested","2018","ha","180776.00","Im"
"Democratic Republic of the Congo","Area harvested","2017","ha","180171.00","Im"
"Democratic Republic of the Congo","Area harvested","2016","ha","179580.00","Im"
"Democratic Republic of the Congo","Area harvested","2015","ha","178479.00","Im"
"Democratic Republic of the Congo","Area harvested","2014","ha","177805.00","Im"
"Democratic Republic of the Congo","Area harvested","2013","ha","177591.00","Im"
"Democratic Republic of the Congo","Area harvested","2012","ha","176913.00","Im"
"Democratic Republic of the Congo","Area harvested","2011","ha","176809.00","Im"
"Democratic Republic of the Congo","Area harvested","2010","ha","178316.00","Im"
"Democratic Republic of the Congo","Yield","2018","hg/ha","65981.00","Fc"
"Democratic Republic of the Congo","Yield","2017","hg/ha","65969.00","Fc"
"Democratic Republic of the Congo","Yield","2016","hg/ha","65950.00","Fc"
"Democratic Republic of the Congo","Yield","2015","hg/ha","66101.00","Fc"
"Democratic Republic of the Congo","Yield","2014","hg/ha","66160.00","Fc"
"Democratic Republic of the Congo","Yield","2013","hg/ha","66000.00","Fc"
"Democratic Republic of the Congo","Yield","2012","hg/ha","65843.00","Fc"
"Democratic Republic of the Congo","Yield","2011","hg/ha","66302.00","Fc"
"Democratic Republic of the Congo","Yield","2010","hg/ha","65254.00","Fc"
"Democratic Republic of the Congo","Production","2018","tonnes","1192783.00","Im"
"Democratic Republic of the Congo","Production","2017","tonnes","1188562.00","Im"
"Democratic Republic of the Congo","Production","2016","tonnes","1184341.00","Im"
"Democratic Republic of the Congo","Production","2015","tonnes","1179761.00","Im"
"Democratic Republic of the Congo","Production","2014","tonnes","1176351.00","Im"
"Democratic Republic of the Congo","Production","2013","tonnes","1172101.00","Im"
"Democratic Republic of the Congo","Production","2012","tonnes","1164858.00","Im"
"Democratic Republic of the Congo","Production","2011","tonnes","1172278.00","Im"
"Democratic Republic of the Congo","Production","2010","tonnes","1163583.00",""
"Equatorial Guinea","Area harvested","2018","ha","3516.00","Im"
"Equatorial Guinea","Area harvested","2017","ha","3515.00","Im"
"Equatorial Guinea","Area harvested","2016","ha","3513.00","Im"
"Equatorial Guinea","Area harvested","2015","ha","3515.00","Im"
"Equatorial Guinea","Area harvested","2014","ha","3515.00","Im"
"Equatorial Guinea","Area harvested","2013","ha","3500.00","F"
"Equatorial Guinea","Area harvested","2012","ha","3500.00","F"
"Equatorial Guinea","Area harvested","2011","ha","3500.00","F"
"Equatorial Guinea","Area harvested","2010","ha","3500.00","F"
"Equatorial Guinea","Yield","2018","hg/ha","102551.00","Fc"
"Equatorial Guinea","Yield","2017","hg/ha","102351.00","Fc"
"Equatorial Guinea","Yield","2016","hg/ha","102152.00","Fc"
"Equatorial Guinea","Yield","2015","hg/ha","101755.00","Fc"
"Equatorial Guinea","Yield","2014","hg/ha","102164.00","Fc"
"Equatorial Guinea","Yield","2013","hg/ha","102857.00","Fc"
"Equatorial Guinea","Yield","2012","hg/ha","102857.00","Fc"
"Equatorial Guinea","Yield","2011","hg/ha","100000.00","Fc"
"Equatorial Guinea","Yield","2010","hg/ha","100000.00","Fc"
"Equatorial Guinea","Production","2018","tonnes","36059.00","Im"
"Equatorial Guinea","Production","2017","tonnes","35972.00","Im"
"Equatorial Guinea","Production","2016","tonnes","35885.00","Im"
"Equatorial Guinea","Production","2015","tonnes","35767.00","Im"
"Equatorial Guinea","Production","2014","tonnes","35911.00","Im"
"Equatorial Guinea","Production","2013","tonnes","36000.00","F"
"Equatorial Guinea","Production","2012","tonnes","36000.00","F"
"Equatorial Guinea","Production","2011","tonnes","35000.00","F"
"Equatorial Guinea","Production","2010","tonnes","35000.00","F"
"Gabon","Area harvested","2018","ha","4908.00","Im"
"Gabon","Area harvested","2017","ha","4783.00","Im"
"Gabon","Area harvested","2016","ha","4674.00","Im"
"Gabon","Area harvested","2015","ha","4572.00","Im"
"Gabon","Area harvested","2014","ha","4207.00","Im"
"Gabon","Area harvested","2013","ha","4200.00","F"
"Gabon","Area harvested","2012","ha","4200.00","F"
"Gabon","Area harvested","2011","ha","4200.00","F"
"Gabon","Area harvested","2010","ha","4200.00","F"
"Gabon","Yield","2018","hg/ha","42787.00","Fc"
"Gabon","Yield","2017","hg/ha","43903.00","Fc"
"Gabon","Yield","2016","hg/ha","44926.00","Fc"
"Gabon","Yield","2015","hg/ha","45930.00","Fc"
"Gabon","Yield","2014","hg/ha","49923.00","Fc"
"Gabon","Yield","2013","hg/ha","50000.00","Fc"
"Gabon","Yield","2012","hg/ha","47619.00","Fc"
"Gabon","Yield","2011","hg/ha","47619.00","Fc"
"Gabon","Yield","2010","hg/ha","47619.00","Fc"
"Gabon","Production","2018","tonnes","21000.00","F"
"Gabon","Production","2017","tonnes","21000.00","F"
"Gabon","Production","2016","tonnes","21000.00","F"
"Gabon","Production","2015","tonnes","21000.00","F"
"Gabon","Production","2014","tonnes","21000.00","F"
"Gabon","Production","2013","tonnes","21000.00","F"
"Gabon","Production","2012","tonnes","20000.00","F"
"Gabon","Production","2011","tonnes","20000.00","F"
"Gabon","Production","2010","tonnes","20000.00","F"
"Gambia","Area harvested","2018","ha","3510.00","Im"
"Gambia","Area harvested","2017","ha","3510.00","Im"
"Gambia","Area harvested","2016","ha","3509.00","Im"
"Gambia","Area harvested","2015","ha","3509.00","Im"
"Gambia","Area harvested","2014","ha","3507.00","Im"
"Gambia","Area harvested","2013","ha","3500.00","F"
"Gambia","Area harvested","2012","ha","3500.00","F"
"Gambia","Area harvested","2011","ha","3500.00","F"
"Gambia","Area harvested","2010","ha","3500.00","F"
"Gambia","Yield","2018","hg/ha","99893.00","Fc"
"Gambia","Yield","2017","hg/ha","99903.00","Fc"
"Gambia","Yield","2016","hg/ha","99914.00","Fc"
"Gambia","Yield","2015","hg/ha","99942.00","Fc"
"Gambia","Yield","2014","hg/ha","99971.00","Fc"
"Gambia","Yield","2013","hg/ha","100000.00","Fc"
"Gambia","Yield","2012","hg/ha","100000.00","Fc"
"Gambia","Yield","2011","hg/ha","100000.00","Fc"
"Gambia","Yield","2010","hg/ha","100000.00","Fc"
"Gambia","Production","2018","tonnes","35066.00","Im"
"Gambia","Production","2017","tonnes","35064.00","Im"
"Gambia","Production","2016","tonnes","35062.00","Im"
"Gambia","Production","2015","tonnes","35072.00","Im"
"Gambia","Production","2014","tonnes","35064.00","Im"
"Gambia","Production","2013","tonnes","35000.00","F"
"Gambia","Production","2012","tonnes","35000.00","F"
"Gambia","Production","2011","tonnes","35000.00","F"
"Gambia","Production","2010","tonnes","35000.00","F"
"Ghana","Area harvested","2018","ha","370297.00","Im"
"Ghana","Area harvested","2017","ha","356140.00","Im"
"Ghana","Area harvested","2016","ha","349040.00",""
"Ghana","Area harvested","2015","ha","349040.00",""
"Ghana","Area harvested","2014","ha","349040.00",""
"Ghana","Area harvested","2013","ha","318760.00",""
"Ghana","Area harvested","2012","ha","387000.00",""
"Ghana","Area harvested","2011","ha","354577.00","Im"
"Ghana","Area harvested","2010","ha","360000.00",""
"Ghana","Yield","2018","hg/ha","70332.00","Fc"
"Ghana","Yield","2017","hg/ha","69225.00","Fc"
"Ghana","Yield","2016","hg/ha","69992.00","Fc"
"Ghana","Yield","2015","hg/ha","69992.00","Fc"
"Ghana","Yield","2014","hg/ha","70000.00","Fc"
"Ghana","Yield","2013","hg/ha","72999.00","Fc"
"Ghana","Yield","2012","hg/ha","56747.00","Fc"
"Ghana","Yield","2011","hg/ha","59948.00","Fc"
"Ghana","Yield","2010","hg/ha","55675.00","Fc"
"Ghana","Production","2018","tonnes","2604387.00","Im"
"Ghana","Production","2017","tonnes","2465379.00","Im"
"Ghana","Production","2016","tonnes","2443000.00",""
"Ghana","Production","2015","tonnes","2443000.00",""
"Ghana","Production","2014","tonnes","2443270.00",""
"Ghana","Production","2013","tonnes","2326920.00",""
"Ghana","Production","2012","tonnes","2196100.00",""
"Ghana","Production","2011","tonnes","2125600.00",""
"Ghana","Production","2010","tonnes","2004300.00",""
"Guinea","Area harvested","2018","ha","316415.00","Im"
"Guinea","Area harvested","2017","ha","315897.00","Im"
"Guinea","Area harvested","2016","ha","315380.00","Im"
"Guinea","Area harvested","2015","ha","315213.00","Im"
"Guinea","Area harvested","2014","ha","310710.00","Im"
"Guinea","Area harvested","2013","ha","310000.00","F"
"Guinea","Area harvested","2012","ha","310000.00","F"
"Guinea","Area harvested","2011","ha","310000.00","F"
"Guinea","Area harvested","2010","ha","310000.00","F"
"Guinea","Yield","2018","hg/ha","26701.00","Fc"
"Guinea","Yield","2017","hg/ha","26706.00","Fc"
"Guinea","Yield","2016","hg/ha","26711.00","Fc"
"Guinea","Yield","2015","hg/ha","26797.00","Fc"
"Guinea","Yield","2014","hg/ha","26787.00","Fc"
"Guinea","Yield","2013","hg/ha","26774.00","Fc"
"Guinea","Yield","2012","hg/ha","26774.00","Fc"
"Guinea","Yield","2011","hg/ha","26774.00","Fc"
"Guinea","Yield","2010","hg/ha","26774.00","Fc"
"Guinea","Production","2018","tonnes","844875.00","Im"
"Guinea","Production","2017","tonnes","843650.00","Im"
"Guinea","Production","2016","tonnes","842425.00","Im"
"Guinea","Production","2015","tonnes","844684.00","Im"
"Guinea","Production","2014","tonnes","832311.00","Im"
"Guinea","Production","2013","tonnes","830000.00","F"
"Guinea","Production","2012","tonnes","830000.00","F"
"Guinea","Production","2011","tonnes","830000.00","F"
"Guinea","Production","2010","tonnes","830000.00","F"
"Guinea-Bissau","Area harvested","2018","ha","9630.00","Im"
"Guinea-Bissau","Area harvested","2017","ha","9617.00","Im"
"Guinea-Bissau","Area harvested","2016","ha","9604.00","Im"
"Guinea-Bissau","Area harvested","2015","ha","9595.00","Im"
"Guinea-Bissau","Area harvested","2014","ha","9529.00","Im"
"Guinea-Bissau","Area harvested","2013","ha","9500.00","F"
"Guinea-Bissau","Area harvested","2012","ha","9500.00","F"
"Guinea-Bissau","Area harvested","2011","ha","9500.00","F"
"Guinea-Bissau","Area harvested","2010","ha","9500.00","F"
"Guinea-Bissau","Yield","2018","hg/ha","83597.00","Fc"
"Guinea-Bissau","Yield","2017","hg/ha","83707.00","Fc"
"Guinea-Bissau","Yield","2016","hg/ha","83817.00","Fc"
"Guinea-Bissau","Yield","2015","hg/ha","83901.00","Fc"
"Guinea-Bissau","Yield","2014","hg/ha","84480.00","Fc"
"Guinea-Bissau","Yield","2013","hg/ha","84737.00","Fc"
"Guinea-Bissau","Yield","2012","hg/ha","84737.00","Fc"
"Guinea-Bissau","Yield","2011","hg/ha","84737.00","Fc"
"Guinea-Bissau","Yield","2010","hg/ha","84211.00","Fc"
"Guinea-Bissau","Production","2018","tonnes","80500.00","F"
"Guinea-Bissau","Production","2017","tonnes","80500.00","F"
"Guinea-Bissau","Production","2016","tonnes","80500.00","F"
"Guinea-Bissau","Production","2015","tonnes","80500.00","F"
"Guinea-Bissau","Production","2014","tonnes","80500.00","F"
"Guinea-Bissau","Production","2013","tonnes","80500.00","F"
"Guinea-Bissau","Production","2012","tonnes","80500.00","F"
"Guinea-Bissau","Production","2011","tonnes","80500.00","F"
"Guinea-Bissau","Production","2010","tonnes","80000.00","F"
"Liberia","Area harvested","2018","ha","17955.00","Im"
"Liberia","Area harvested","2017","ha","17866.00","Im"
"Liberia","Area harvested","2016","ha","17777.00","Im"
"Liberia","Area harvested","2015","ha","17836.00","Im"
"Liberia","Area harvested","2014","ha","17436.00","Im"
"Liberia","Area harvested","2013","ha","17000.00","F"
"Liberia","Area harvested","2012","ha","17000.00","F"
"Liberia","Area harvested","2011","ha","17000.00","F"
"Liberia","Area harvested","2010","ha","17000.00","F"
"Liberia","Yield","2018","hg/ha","98023.00","Fc"
"Liberia","Yield","2017","hg/ha","97842.00","Fc"
"Liberia","Yield","2016","hg/ha","98444.00","Fc"
"Liberia","Yield","2015","hg/ha","98567.00","Fc"
"Liberia","Yield","2014","hg/ha","100217.00","Fc"
"Liberia","Yield","2013","hg/ha","100628.00","Fc"
"Liberia","Yield","2012","hg/ha","101178.00","Fc"
"Liberia","Yield","2011","hg/ha","101782.00","Fc"
"Liberia","Yield","2010","hg/ha","102353.00","Fc"
"Liberia","Production","2018","tonnes","176000.00","F"
"Liberia","Production","2017","tonnes","174800.00","F"
"Liberia","Production","2016","tonnes","175000.00","F"
"Liberia","Production","2015","tonnes","175800.00","F"
"Liberia","Production","2014","tonnes","174738.00","Im"
"Liberia","Production","2013","tonnes","171068.00","Im"
"Liberia","Production","2012","tonnes","172003.00","Im"
"Liberia","Production","2011","tonnes","173029.00","Im"
"Liberia","Production","2010","tonnes","174000.00",""
"Madagascar","Area harvested","2018","ha","1813.00","Im"
"Madagascar","Area harvested","2017","ha","1813.00","Im"
"Madagascar","Area harvested","2016","ha","1814.00","Im"
"Madagascar","Area harvested","2015","ha","1808.00","Im"
"Madagascar","Area harvested","2014","ha","1809.00","Im"
"Madagascar","Area harvested","2013","ha","1850.00","F"
"Madagascar","Area harvested","2012","ha","1850.00","F"
"Madagascar","Area harvested","2011","ha","1820.00","F"
"Madagascar","Area harvested","2010","ha","1820.00","F"
"Madagascar","Yield","2018","hg/ha","116369.00","Fc"
"Madagascar","Yield","2017","hg/ha","116421.00","Fc"
"Madagascar","Yield","2016","hg/ha","116474.00","Fc"
"Madagascar","Yield","2015","hg/ha","116511.00","Fc"
"Madagascar","Yield","2014","hg/ha","115888.00","Fc"
"Madagascar","Yield","2013","hg/ha","114595.00","Fc"
"Madagascar","Yield","2012","hg/ha","118919.00","Fc"
"Madagascar","Yield","2011","hg/ha","116484.00","Fc"
"Madagascar","Yield","2010","hg/ha","116484.00","Fc"
"Madagascar","Production","2018","tonnes","21093.00","Im"
"Madagascar","Production","2017","tonnes","21109.00","Im"
"Madagascar","Production","2016","tonnes","21125.00","Im"
"Madagascar","Production","2015","tonnes","21068.00","Im"
"Madagascar","Production","2014","tonnes","20966.00","Im"
"Madagascar","Production","2013","tonnes","21200.00","F"
"Madagascar","Production","2012","tonnes","22000.00","F"
"Madagascar","Production","2011","tonnes","21200.00","F"
"Madagascar","Production","2010","tonnes","21200.00","F"
"Nigeria","Area harvested","2018","ha","3015530.00","Im"
"Nigeria","Area harvested","2017","ha","3033892.00","Im"
"Nigeria","Area harvested","2016","ha","3052166.00","Im"
"Nigeria","Area harvested","2015","ha","3072094.00","Im"
"Nigeria","Area harvested","2014","ha","3029872.00","Im"
"Nigeria","Area harvested","2013","ha","3000000.00","F"
"Nigeria","Area harvested","2012","ha","3250000.00","F"
"Nigeria","Area harvested","2011","ha","3200000.00","F"
"Nigeria","Area harvested","2010","ha","3200000.00","F"
"Nigeria","Yield","2018","hg/ha","26032.00","Fc"
"Nigeria","Yield","2017","hg/ha","25524.00","Fc"
"Nigeria","Yield","2016","hg/ha","25585.00","Fc"
"Nigeria","Yield","2015","hg/ha","25669.00","Fc"
"Nigeria","Yield","2014","hg/ha","26307.00","Fc"
"Nigeria","Yield","2013","hg/ha","26667.00","Fc"
"Nigeria","Yield","2012","hg/ha","24923.00","Fc"
"Nigeria","Yield","2011","hg/ha","25000.00","Fc"
"Nigeria","Yield","2010","hg/ha","25000.00","Fc"
"Nigeria","Production","2018","tonnes","7850000.00","Im"
"Nigeria","Production","2017","tonnes","7743722.00","Im"
"Nigeria","Production","2016","tonnes","7808866.00","Im"
"Nigeria","Production","2015","tonnes","7885616.00","Im"
"Nigeria","Production","2014","tonnes","7970753.00","Im"
"Nigeria","Production","2013","tonnes","8000000.00","F"
"Nigeria","Production","2012","tonnes","8100000.00","F"
"Nigeria","Production","2011","tonnes","8000000.00","F"
"Nigeria","Production","2010","tonnes","8000000.00","F"
"Sao Tome and Principe","Area harvested","2018","ha","1941.00","Im"
"Sao Tome and Principe","Area harvested","2017","ha","1909.00","Im"
"Sao Tome and Principe","Area harvested","2016","ha","1876.00","Im"
"Sao Tome and Principe","Area harvested","2015","ha","1865.00","Im"
"Sao Tome and Principe","Area harvested","2014","ha","1749.00","Im"
"Sao Tome and Principe","Area harvested","2013","ha","1700.00","F"
"Sao Tome and Principe","Area harvested","2012","ha","1670.00","F"
"Sao Tome and Principe","Area harvested","2011","ha","1670.00","F"
"Sao Tome and Principe","Area harvested","2010","ha","1670.00","F"
"Sao Tome and Principe","Yield","2018","hg/ha","95272.00","Fc"
"Sao Tome and Principe","Yield","2017","hg/ha","95274.00","Fc"
"Sao Tome and Principe","Yield","2016","hg/ha","95277.00","Fc"
"Sao Tome and Principe","Yield","2015","hg/ha","95310.00","Fc"
"Sao Tome and Principe","Yield","2014","hg/ha","94731.00","Fc"
"Sao Tome and Principe","Yield","2013","hg/ha","95294.00","Fc"
"Sao Tome and Principe","Yield","2012","hg/ha","96407.00","Fc"
"Sao Tome and Principe","Yield","2011","hg/ha","96407.00","Fc"
"Sao Tome and Principe","Yield","2010","hg/ha","96407.00","Fc"
"Sao Tome and Principe","Production","2018","tonnes","18497.00","Im"
"Sao Tome and Principe","Production","2017","tonnes","18184.00","Im"
"Sao Tome and Principe","Production","2016","tonnes","17871.00","Im"
"Sao Tome and Principe","Production","2015","tonnes","17773.00","Im"
"Sao Tome and Principe","Production","2014","tonnes","16564.00","Im"
"Sao Tome and Principe","Production","2013","tonnes","16200.00","F"
"Sao Tome and Principe","Production","2012","tonnes","16100.00","F"
"Sao Tome and Principe","Production","2011","tonnes","16100.00","F"
"Sao Tome and Principe","Production","2010","tonnes","16100.00","F"
"Senegal","Area harvested","2018","ha","12418.00","Im"
"Senegal","Area harvested","2017","ha","12149.00","Im"
"Senegal","Area harvested","2016","ha","11877.00","Im"
"Senegal","Area harvested","2015","ha","11521.00","Im"
"Senegal","Area harvested","2014","ha","11177.00","Im"
"Senegal","Area harvested","2013","ha","11200.00","F"
"Senegal","Area harvested","2012","ha","11000.00","F"
"Senegal","Area harvested","2011","ha","10500.00","F"
"Senegal","Area harvested","2010","ha","10500.00","F"
"Senegal","Yield","2018","hg/ha","112549.00","Fc"
"Senegal","Yield","2017","hg/ha","111904.00","Fc"
"Senegal","Yield","2016","hg/ha","111259.00","Fc"
"Senegal","Yield","2015","hg/ha","110482.00","Fc"
"Senegal","Yield","2014","hg/ha","107414.00","Fc"
"Senegal","Yield","2013","hg/ha","107143.00","Fc"
"Senegal","Yield","2012","hg/ha","110909.00","Fc"
"Senegal","Yield","2011","hg/ha","114286.00","Fc"
"Senegal","Yield","2010","hg/ha","114286.00","Fc"
"Senegal","Production","2018","tonnes","139763.00","Im"
"Senegal","Production","2017","tonnes","135952.00","Im"
"Senegal","Production","2016","tonnes","132140.00","Im"
"Senegal","Production","2015","tonnes","127290.00","Im"
"Senegal","Production","2014","tonnes","120054.00","Im"
"Senegal","Production","2013","tonnes","120000.00","F"
"Senegal","Production","2012","tonnes","122000.00","F"
"Senegal","Production","2011","tonnes","120000.00","F"
"Senegal","Production","2010","tonnes","120000.00","F"
"Sierra Leone","Area harvested","2018","ha","27691.00","Im"
"Sierra Leone","Area harvested","2017","ha","27491.00","Im"
"Sierra Leone","Area harvested","2016","ha","27292.00","Im"
"Sierra Leone","Area harvested","2015","ha","26792.00","Im"
"Sierra Leone","Area harvested","2014","ha","27583.00","Im"
"Sierra Leone","Area harvested","2013","ha","27500.00","F"
"Sierra Leone","Area harvested","2012","ha","27000.00","F"
"Sierra Leone","Area harvested","2011","ha","26500.00","F"
"Sierra Leone","Area harvested","2010","ha","26500.00","F"
"Sierra Leone","Yield","2018","hg/ha","91726.00","Fc"
"Sierra Leone","Yield","2017","hg/ha","89485.00","Fc"
"Sierra Leone","Yield","2016","hg/ha","85007.00","Fc"
"Sierra Leone","Yield","2015","hg/ha","85845.00","Fc"
"Sierra Leone","Yield","2014","hg/ha","79034.00","Fc"
"Sierra Leone","Yield","2013","hg/ha","76364.00","Fc"
"Sierra Leone","Yield","2012","hg/ha","77778.00","Fc"
"Sierra Leone","Yield","2011","hg/ha","80000.00","Fc"
"Sierra Leone","Yield","2010","hg/ha","80000.00","Fc"
"Sierra Leone","Production","2018","tonnes","254000.00","F"
"Sierra Leone","Production","2017","tonnes","246000.00","F"
"Sierra Leone","Production","2016","tonnes","232000.00","F"
"Sierra Leone","Production","2015","tonnes","230000.00","F"
"Sierra Leone","Production","2014","tonnes","218000.00","F"
"Sierra Leone","Production","2013","tonnes","210000.00","F"
"Sierra Leone","Production","2012","tonnes","210000.00","F"
"Sierra Leone","Production","2011","tonnes","212000.00","F"
"Sierra Leone","Production","2010","tonnes","212000.00","F"
"Togo","Area harvested","2018","ha","18257.00","Im"
"Togo","Area harvested","2017","ha","18024.00","Im"
"Togo","Area harvested","2016","ha","17792.00","Im"
"Togo","Area harvested","2015","ha","17461.00","Im"
"Togo","Area harvested","2014","ha","16823.00","Im"
"Togo","Area harvested","2013","ha","17000.00","F"
"Togo","Area harvested","2012","ha","17500.00","F"
"Togo","Area harvested","2011","ha","17000.00","F"
"Togo","Area harvested","2010","ha","17250.00","F"
"Togo","Yield","2018","hg/ha","85533.00","Fc"
"Togo","Yield","2017","hg/ha","85549.00","Fc"
"Togo","Yield","2016","hg/ha","85566.00","Fc"
"Togo","Yield","2015","hg/ha","85446.00","Fc"
"Togo","Yield","2014","hg/ha","86417.00","Fc"
"Togo","Yield","2013","hg/ha","86471.00","Fc"
"Togo","Yield","2012","hg/ha","85714.00","Fc"
"Togo","Yield","2011","hg/ha","85882.00","Fc"
"Togo","Yield","2010","hg/ha","84928.00","Fc"
"Togo","Production","2018","tonnes","156156.00","Im"
"Togo","Production","2017","tonnes","154196.00","Im"
"Togo","Production","2016","tonnes","152235.00","Im"
"Togo","Production","2015","tonnes","149197.00","Im"
"Togo","Production","2014","tonnes","145379.00","Im"
"Togo","Production","2013","tonnes","147000.00","F"
"Togo","Production","2012","tonnes","150000.00","F"
"Togo","Production","2011","tonnes","146000.00","F"
"Togo","Production","2010","tonnes","146500.00","F"
"United Republic of Tanzania","Area harvested","2018","ha","5561.00","Im"
"United Republic of Tanzania","Area harvested","2017","ha","5484.00","Im"
"United Republic of Tanzania","Area harvested","2016","ha","5407.00","Im"
"United Republic of Tanzania","Area harvested","2015","ha","5330.00","Im"
"United Republic of Tanzania","Area harvested","2014","ha","5188.00","Im"
"United Republic of Tanzania","Area harvested","2013","ha","5200.00","F"
"United Republic of Tanzania","Area harvested","2012","ha","5200.00","F"
"United Republic of Tanzania","Area harvested","2011","ha","5000.00","F"
"United Republic of Tanzania","Area harvested","2010","ha","4800.00","F"
"United Republic of Tanzania","Yield","2018","hg/ha","137038.00","Fc"
"United Republic of Tanzania","Yield","2017","hg/ha","137666.00","Fc"
"United Republic of Tanzania","Yield","2016","hg/ha","138294.00","Fc"
"United Republic of Tanzania","Yield","2015","hg/ha","139249.00","Fc"
"United Republic of Tanzania","Yield","2014","hg/ha","140024.00","Fc"
"United Republic of Tanzania","Yield","2013","hg/ha","139423.00","Fc"
"United Republic of Tanzania","Yield","2012","hg/ha","139423.00","Fc"
"United Republic of Tanzania","Yield","2011","hg/ha","142000.00","Fc"
"United Republic of Tanzania","Yield","2010","hg/ha","144792.00","Fc"
"United Republic of Tanzania","Production","2018","tonnes","76206.00","Im"
"United Republic of Tanzania","Production","2017","tonnes","75494.00","Im"
"United Republic of Tanzania","Production","2016","tonnes","74781.00","Im"
"United Republic of Tanzania","Production","2015","tonnes","74217.00","Im"
"United Republic of Tanzania","Production","2014","tonnes","72643.00","Im"
"United Republic of Tanzania","Production","2013","tonnes","72500.00","F"
"United Republic of Tanzania","Production","2012","tonnes","72500.00","F"
"United Republic of Tanzania","Production","2011","tonnes","71000.00","F"
"United Republic of Tanzania","Production","2010","tonnes","69500.00","F"

"fnSeqID","Footnote"
"*","Unofficial figure"
"F","FAO estimate"
"Fc","Calculated data"
"Im","FAO data based on imputation methodology"
